raw_building,raw_area,canonical_building,glb_name,include,notes,sort_key
1 University Place - Exterior,Washington Square,1 University Place - Exterior,1_UNIVERSITY_PLACE,yes,,1 university place exterior
1 Washington Place,Washington Square,1 Washington Place,721_BROADWAY,yes,,1 washington place
1 Washington Place - Exterior,Washington Square,1 Washington Place - Exterior,721_BROADWAY,yes,,1 washington place exterior
1 Washington Square North - Exterior,Washington Square,1 Washington Square North - Exterior,721_BROADWAY,yes,,1 washington square north exterior
1 Washington Square Village,Washington Square,1 Washington Square Village,WASHINGTON_SQUARE_VILLAGE,yes,,1 washington square village
1 West 4th Street - Exterior,Washington Square,1 West 4th Street - Exterior,1_W_4TH_ST,yes,,1 west 4th street exterior
10 Astor Place,Washington Square,10 Astor Place,10_ASTOR_PLACE,yes,,10 astor place
10 Washington Mews,Washington Square,10 Washington Mews,WASHINGTON_MEWS,yes,,10 washington mews
10 Washington Place - Exterior,Washington Square,10 Washington Place - Exterior,10_WASHINGTON_PLACE,yes,,10 washington place exterior
100 Washington Square East,Washington Square,100 Washington Square East,SILVER_CENTER,yes,,100 washington square east
105 East 17th Street,Washington Square,105 East 17th Street,105_EAST_17TH_STREET,yes,,105 east 17th street
11 Waverly Place - Exterior,Washington Square,11 Waverly Place - Exterior,11_WAVERLY_PLACE,yes,,11 waverly place exterior
111 2nd Avenue,Washington Square,111 2nd Avenue,111_2ND_AVENUE,yes,,111 2nd avenue
113 Second Avenue,Washington Square,113 Second Avenue,111_2ND_AVENUE,no,,113 second avenue
12 Waverly Place,Washington Square,12 Waverly Place,12_WAVERLY_PLACE,yes,,12 waverly place
14 University Place - Exterior,Washington Square,14 University Place - Exterior,WASHINGTON_MEWS,yes,,14 university place exterior
14 Washington Place - Exterior,Washington Square,14 Washington Place - Exterior,14_WASHINGTON_PLACE,yes,,14 washington place exterior
14A Washington Mews,Washington Square,14A Washington Mews,WASHINGTON_MEWS,yes,,14a washington mews
15 Washington Place,Washington Square,15 Washington Place,15_WASHINGTON_PLACE,yes,,15 washington place
157 Bleecker Street - Exterior,Washington Square,157 Bleecker Street - Exterior,157_BLEECKER_STREET,yes,,157 bleecker street exterior
16 Washington Place,Washington Square,16 Washington Place,14_WASHINGTON_PLACE,yes,,16 washington place
16 Washington Place - Exterior,Washington Square,16 Washington Place - Exterior,14_WASHINGTON_PLACE,yes,,16 washington place exterior
18 Washington Place (exterior),Washington Square,18 Washington Place (exterior),18_WASHINGTON_PL,yes,,18 washington place exterior
18 Washington Square North - Exterior,Washington Square,18 Washington Square North - Exterior,WASHINGTON_SQUARE_PARK,yes,,18 washington square north exterior
19 University Place,Washington Square,19 University Place,19_UNIVERSITY_PLACE,yes,,19 university place
19 W 4th Street,Washington Square,19 W 4th Street,19_WEST_4TH_STREET,yes,,19 w 4th street
19 West 4th Street - Exterior,Washington Square,19 West 4th Street - Exterior,19_WEST_4TH_STREET,yes,,19 west 4th street exterior
194 Mercer Street,Washington Square,194 Mercer Street,19_WEST_4TH_STREET,yes,,194 mercer street
196 Mercer Street,Washington Square,196 Mercer Street,194_MERCER_STREET,yes,,196 mercer street
1st Avenue & East 24th Street,Kips Bay,1st Avenue & East 24th Street,345_EAST_24TH_STREET,yes,,1st avenue east 24th street
2 Washington Square Village - Exterior,Washington Square,2 Washington Square Village - Exterior,WASHINGTON_SQUARE_VILLAGE,yes,,2 washington square village exterior
2 Washington Square Village (exterior),Washington Square,2 Washington Square Village (exterior),WASHINGTON_SQUARE_VILLAGE,yes,,2 washington square village exterior
2 Washington Village - Exterior,Washington Square,2 Washington Village - Exterior,WASHINGTON_SQUARE_VILLAGE,yes,,2 washington village exterior
20 Astor Place (exterior),Washington Square,20 Astor Place (exterior),10_ASTOR_PLACE,yes,,20 astor place exterior
20 Cooper - Exterior,Washington Square,20 Cooper - Exterior,ARTHUR_L_CARTER_JOURNALISM_INSTITUTE,yes,,20 cooper exterior
20 Cooper Square,Washington Square,20 Cooper Square,ARTHUR_L_CARTER_JOURNALISM_INSTITUTE,yes,,20 cooper square
205 Mercer Street - Exterior,Washington Square,205 Mercer Street - Exterior,PAULSON_CENTER,yes,,205 mercer street exterior
232 Mercer Street - Exterior,Washington Square,232 Mercer Street - Exterior,665_BROADWAY,yes,,232 mercer street exterior
238 Thompson - Exterior,Washington Square,238 Thompson - Exterior,LESLIE-KIMMEL-SKIRBALL-CENTER,yes,,238 thompson exterior
238 Thompson Street,Washington Square,238 Thompson Street,LESLIE-KIMMEL-SKIRBALL-CENTER,yes,,238 thompson street
238 Thompson Street - Call Box,Washington Square,238 Thompson Street - Call Box,LESLIE-KIMMEL-SKIRBALL-CENTER,yes,,238 thompson street call box
238 Thompson Street - Exterior,Washington Square,238 Thompson Street - Exterior,LESLIE-KIMMEL-SKIRBALL-CENTER,yes,,238 thompson street exterior
240 Mercer Street - Exterior,Washington Square,240 Mercer Street - Exterior,240_MERCER_STREET,yes,,240 mercer street exterior
244 Greene Street,Washington Square,244 Greene Street,244_GREENE_STREET,yes,,244 greene street
246 Greene Street - Exterior,Washington Square,246 Greene Street - Exterior,246_GREENE_STREET,yes,,246 greene street exterior
2nd Street Residence Hall,Washington Square,2nd Street Residence Hall,SECOND_STREET_RESIDENCE_HALL,yes,,2nd street residence hall
3 Washington Square Village,Washington Square,3 Washington Square Village,WASHINGTON_SQUARE_VILLAGE,yes,,3 washington square village
345 East 24th Street,Kips Bay,345 East 24th Street,345_EAST_24TH_STREET,yes,,345 east 24th street
380 2nd Avenue,Kips Bay,380 2nd Avenue,380_2AV,yes,,380 2nd avenue
383 Lafayette - Exterior,Washington Square,383 Lafayette - Exterior,383_LAFAYETTE_STREET,yes,,383 lafayette exterior
383 Lafayette Street,Washington Square,383 Lafayette Street,383_LAFAYETTE_STREET,yes,,383 lafayette street
4 Washington Place - Exterior,Washington Square,4 Washington Place - Exterior,MEYER_HALL,yes,,4 washington place exterior
400 Broome Street,Washington Square,400 Broome Street,400_BROOME_STREET,yes,,400 broome street
400 Lafayette,Washington Square,400 Lafayette,400_LAFAYETTE_STREET,yes,,400 lafayette
400 Lafayette Street,Washington Square,400 Lafayette Street,400_LAFAYETTE_STREET,yes,,400 lafayette street
404 Lafayette,Washington Square,404 Lafayette,404_LAFAYETTE_STREET,yes,,404 lafayette
404 Lafayette Street,Washington Square,404 Lafayette Street,404_LAFAYETTE_STREET,yes,,404 lafayette street
404 Lafayette Street - Exterior,Washington Square,404 Lafayette Street - Exterior,404_LAFAYETTE_STREET,yes,,404 lafayette street exterior
433 1st Avenue,Kips Bay,433 1st Avenue,NYU_RORY_MEYERS_COLLEGE_OF_NURSING,yes,,433 1st avenue
433 1st Avenue - Exterior,Kips Bay & Langone (Public property only),433 1st Avenue - Exterior,NYU_RORY_MEYERS_COLLEGE_OF_NURSING,yes,,433 1st avenue exterior
44 W 4th Street,Washington Square,44 W 4th Street,STERN_TISCH_HALL,yes,,44 w 4th street
44 West 4th Street,Washington Square,44 West 4th Street,STERN_TISCH_HALL,yes,,44 west 4th street
45 W 4th St - Exterior,Washington Square,45 W 4th St - Exterior,45_WEST_4TH_STREET,yes,,45 w 4th st exterior
45 West 4th St.,Washington Square,45 West 4th St.,45_WEST_4TH_STREET,yes,,45 west 4th st
45 West 4th Street,Washington Square,45 West 4th Street,45_WEST_4TH_STREET,yes,,45 west 4th street
5 Washington Place,Washington Square,5 Washington Place,5_WASHINGTON_PLACE,yes,,5 washington place
5 Washington Place - Exterior,Washington Square,5 Washington Place - Exterior,5_WASHINGTON_PLACE,yes,,5 washington place exterior
530 LaGuardia Place,Washington Square,530 LaGuardia Place,530_LAGUARDIA_PLACE,yes,,530 laguardia place
546 LaGuardia Place - Exterior,Washington Square,546 LaGuardia Place - Exterior,546_LAGUARDIA_PLACE,yes,,546 laguardia place exterior
561 LaGuardia,Washington Square,561 LaGuardia,WASHINGTON_SQUARE_VILLAGE,yes,,561 laguardia
561 LaGuardia Place,Washington Square,561 LaGuardia Place,WASHINGTON_SQUARE_VILLAGE,yes,,561 laguardia place
561 LaGuardia Place - Exterior,Washington Square,561 LaGuardia Place - Exterior,WASHINGTON_SQUARE_VILLAGE,yes,,561 laguardia place exterior
6 Washington Place,Washington Square,6 Washington Place,MEYER_HALL,yes,,6 washington place
65 West 3rd Street,Washington Square,65 West 3rd Street,LESLIE-KIMMEL-SKIRBALL-CENTER,yes,,65 west 3rd street
665 Broadway,Washington Square,665 Broadway,665_BROADWAY,yes,,665 broadway
7-13 Washington Square North - Exterior,Washington Square,7-13 Washington Square North - Exterior,WASHINGTON_MEWS,yes,,7 13 washington square north exterior
7 Washington Pl,Washington Square,7 Washington Pl,7_WASHINGTON_PLACE,yes,,7 washington pl
7 Washington Place,Washington Square,7 Washington Place,7_WASHINGTON_PLACE,yes,,7 washington place
70 Washington Square South,Washington Square,70 Washington Square South,BOBST_LIBRARY,yes,,70 washington square south
708 Broadway,Washington Square,708 Broadway,708_BROADWAY_STREET,yes,,708 broadway
715 Broadway,Washington Square,715 Broadway,721_BROADWAY,yes,,715 broadway
715 Broadway - Exterior,Washington Square,715 Broadway - Exterior,721_BROADWAY,yes,725_721,715 broadway exterior
719 Broadway - Exterior,Washington Square,719 Broadway - Exterior,721_BROADWAY,yes,,719 broadway exterior
720 Broadway - Exterior,Washington Square,720 Broadway - Exterior,720_BROADWAY,no,,720 broadway exterior
721 Broadway,Washington Square,721 Broadway,721_BROADWAY,yes,,721 broadway
721 Broadway exterior,Washington Square,721 Broadway exterior,721_BROADWAY,yes,,721 broadway exterior
721 Broadway - Exterior,Washington Square,721 Broadway - Exterior,721_BROADWAY,yes,,721 broadway exterior
"721 Broadway, exterior on Waverly Place",Washington Square,"721 Broadway, exterior on Waverly Place",721_BROADWAY,yes,,721 broadway exterior on waverly place
725 Broadway,Washington Square,725 Broadway,721_BROADWAY,yes,,725 broadway
725 Broadway - Exterior,Washington Square,725 Broadway - Exterior,721_BROADWAY,yes,,725 broadway exterior
726 Broadway,Washington Square,726 Broadway,726_BROADWAY,yes,,726 broadway
726 Broadway - Exterior,Washington Square,726 Broadway - Exterior,726_BROADWAY,yes,,726 broadway exterior
8 Washington Place - Exterior,Washington Square,8 Washington Place - Exterior,19_WEST_4TH_STREET,yes,建议替换为8w,8 washington place exterior
80 Lafayette,Washington Square,80 Lafayette,LAFAYETTE_HALL,yes,,80 lafayette
80 Lafayette Street,Washington Square,80 Lafayette Street,LAFAYETTE_HALL,yes,,80 lafayette street
Academic Resource Center,Washington Square,Academic Resource Center,18_WASHINGTON_PL,yes,,academic resource center
Alumni Hall,Washington Square,Alumni Hall,ALUMNI_RESIDENCE_HALL,yes,,alumni hall
Alumni Hall (exterior),Washington Square,Alumni Hall (exterior),ALUMNI_RESIDENCE_HALL,yes,,alumni hall exterior
Alumni Relations,Washington Square,Alumni Relations,ALUMNI_RELATIONS,yes,,alumni relations
Alumni Residence Hall,Washington Square,Alumni Residence Hall,ALUMNI_RESIDENCE_HALL,yes,,alumni residence hall
Alumni Residence Hall - Exterior,Washington Square,Alumni Residence Hall - Exterior,ALUMNI_RESIDENCE_HALL,yes,,alumni residence hall exterior
Barney Building,Washington Square,Barney Building,BARNEY_BUILDING,yes,,barney building
Barney Building - Exterior,Washington Square,Barney Building - Exterior,BARNEY_BUILDING,yes,,barney building exterior
Basic Science,Kips Bay,Basic Science,NYU_LANGONE,yes,NYU_LANGONEgaiming,basic science
Basic Science Building,Kips Bay,Basic Science Building,NYU_LANGONE,yes,,basic science building
Basic Science Building - Exterior,Kips Bay,Basic Science Building - Exterior,NYU_LANGONE,yes,,basic science building exterior
Birttany Hall,Washington Square,Birttany Hall,BRITTANY_RESIDENCE_HALL,yes,,birttany hall
Bleecker Street and Wooster Street,Washington Square,Bleecker Street and Wooster Street,WASHINGTON_SQUARE_VILLAGE,yes,,bleecker street and wooster street
Bobst,Washington Square,Bobst,BOBST_LIBRARY,yes,,bobst
Bobst Library,Washington Square,Bobst Library,BOBST_LIBRARY,yes,,bobst library
Bobst Library (exterior),Washington Square,Bobst Library (exterior),BOBST_LIBRARY,yes,,bobst library exterior
Bobst Library - Exterior,Washington Square,Bobst Library - Exterior,BOBST_LIBRARY,yes,,bobst library exterior
Brittany Hall,Washington Square,Brittany Hall,BRITTANY_RESIDENCE_HALL,yes,,brittany hall
Brittany Hall Residence,Washington Square,Brittany Hall Residence,BRITTANY_RESIDENCE_HALL,yes,,brittany hall residence
Brittany Residence Hall,Washington Square,Brittany Residence Hall,BRITTANY_RESIDENCE_HALL,yes,,brittany residence hall
Bronfman Center (exterior),Washington Square,Bronfman Center (exterior),BRONFMAN_CENTER,yes,,bronfman center exterior
Broome Residence Hall,Washington Square,Broome Residence Hall,400_BROOME_STREET,yes,,broome residence hall
Broome Street Residence,Washington Square,Broome Street Residence,400_BROOME_STREET,yes,,broome street residence
Broome Street Residence Hall,Washington Square,Broome Street Residence Hall,400_BROOME_STREET,yes,,broome street residence hall
Brown Building,Washington Square,Brown Building,SILVER_CENTER,yes,,brown building
Cantor Film Center,Washington Square,Cantor Film Center,CANTOR_FILM_CENTER,yes,,cantor film center
Cantor Film Center - Exterior,Washington Square,Cantor Film Center - Exterior,CANTOR_FILM_CENTER,yes,,cantor film center exterior
Carlyle Court,Washington Square,Carlyle Court,CARLYLE_COURT_RESIDENCE_HALL,yes,,carlyle court
Carlyle Court - Exterior,Washington Square,Carlyle Court - Exterior,CARLYLE_COURT_RESIDENCE_HALL,yes,,carlyle court exterior
Carlyle Court Residence Hall,Washington Square,Carlyle Court Residence Hall,CARLYLE_COURT_RESIDENCE_HALL,yes,,carlyle court residence hall
Carter Hall,Washington Square,Carter Hall,OTHMER_HALL,no,,carter hall
Coral Tower Residence Hall,Washington Square,Coral Tower Residence Hall,CORAL_TOWERS_RESIDENCE_HALL,yes,,coral tower residence hall
Coral Towers,Washington Square,Coral Towers,CORAL_TOWERS_RESIDENCE_HALL,yes,,coral towers
Coral Towers exterior,Washington Square Park,Coral Towers exterior,CORAL_TOWERS_RESIDENCE_HALL,yes,,coral towers exterior
Coral Towers - Exterior,Washington Square,Coral Towers - Exterior,CORAL_TOWERS_RESIDENCE_HALL,yes,,coral towers exterior
Coral Towers Residence Hall,Washington Square,Coral Towers Residence Hall,CORAL_TOWERS_RESIDENCE_HALL,yes,,coral towers residence hall
D'Agostino Residence Hall,Washington Square,D'Agostino Residence Hall,D_AGOSTINO_RESIDENCE_HALL,yes,,d agostino residence hall
East 25th Street & 1st Avenue,Kips Bay,East 25th Street & 1st Avenue,WSISSMAN_HALL,yes,,east 25th street 1st avenue
East Building,Washington Square,East Building,18_WASHINGTON_PL,yes,,east building
Education Building,Washington Square,Education Building,EDUCATION_BUILDING,yes,,education building
Education Building - Exterior,Washington Square,Education Building - Exterior,EDUCATION_BUILDING,yes,,education building exterior
Fairchild Building,Washington Square,Fairchild Building,SPS,yes,,fairchild building
Fairchild Hall,Washington Square,Fairchild Hall,SPS,yes,,fairchild hall
Fairchild Hall - Exterior,Washington Square,Fairchild Hall - Exterior,SPS,yes,,fairchild hall exterior
Forbes,Washington Square,Forbes,60_5th_AVENUE,yes,,forbes
Forbes Building,Washington Square,Forbes,60_5th_AVENUE,no,,forbes building
Forbes Building - Exterior,Washington Square,Forbes Building - Exterior,60_5th_AVENUE,yes,,forbes building exterior
Forbes - Exterior,Washington Square,Forbes - Exterior,60_5th_AVENUE,no,,forbes exterior
Founders Hall,Washington Square,Founders Hall,FOUNDERS_RESIDENCE_HALL,yes,,founders hall
Founders Hall (exterior),Washington Square,Founders Hall (exterior),FOUNDERS_RESIDENCE_HALL,yes,,founders hall exterior
Founders Residence Hall,Washington Square,Founders Residence Hall,FOUNDERS_RESIDENCE_HALL,yes,,founders residence hall
Furman Hall,Washington Square,Furman Hall,FURMAN_HALL,yes,,furman hall
Furman Hall - Exterior,Washington Square,Furman Hall - Exterior,FURMAN_HALL,yes,,furman hall exterior
Gallatin,Washington Square,Gallatin,725_BROADWAY,yes,,gallatin
Gallatin Building,Washington Square,Gallatin Building,725_BROADWAY,yes,,gallatin building
Gould Plaza,Washington Square,Gould Plaza,STERN_TISCH_HALL,yes,,gould plaza
Gramercy Green,Washington Square,Gramercy Green,GRAMERCY_GREEN_RESIDENCE_HALL,yes,,gramercy green
Gramercy Green Residence Hall,Washington Square,Gramercy Green Residence Hall,GRAMERCY_GREEN_RESIDENCE_HALL,yes,,gramercy green residence hall
Hayden Hall,Washington Square,Hayden Hall,240_MERCER_STREET,yes,,hayden hall
Hayden Hall - Exterior,Washington Square,Hayden Hall - Exterior,240_MERCER_STREET,yes,,hayden hall exterior
Hayden Residence Hall,Washington Square,Hayden Residence Hall,LIPTION_HALL,yes,,hayden residence hall
Hayden Residence Hall - Call Box,Washington Square,Hayden Residence Hall - Call Box,LIPTION_HALL,yes,,hayden residence hall call box
Kaufman Management Center,Washington Square,Kaufman Management Center,STERN_TISCH_HALL,yes,,kaufman management center
Kaufman Management Center - Exterior,Washington Square,Kaufman Management Center - Exterior,STERN_TISCH_HALL,yes,,kaufman management center exterior
Kimmel Center,Washington Square,Kimmel Center,LESLIE-KIMMEL-SKIRBALL-CENTER,yes,,kimmel center
King Juan Carlos Center,Washington Square,King Juan Carlos Center,KING_JUAN_CARLOS,yes,,king juan carlos center
Lafayette Hall,Washington Square,Lafayette Hall,LAFAYETTE_HALL,yes,,lafayette hall
Lafayette Residence Hall,Washington Square,Lafayette Residence Hall,LAFAYETTE_HALL,yes,,lafayette residence hall
LaGuardia Place and Bleecker Street,Washington Square,LaGuardia Place and Bleecker Street,WASHINGTON_SQUARE_VILLAGE,yes,,laguardia place and bleecker street
Leslie E-Lab,Washington Square,Leslie E-Lab,14_WASHINGTON_PLACE,yes,,leslie e lab
Lipton Hall,Washington Square,Lipton Hall,LIPTION_HALL,yes,,lipton hall
Lipton Hall - Exterior,Washington Square,Lipton Hall - Exterior,LIPTION_HALL,yes,,lipton hall exterior
Lipton Residence Hall,Washington Square,Lipton Residence Hall,LIPTION_HALL,yes,,lipton residence hall
Lipton Residence Hall - Exterior,Washington Square,Lipton Residence Hall - Exterior,LIPTION_HALL,yes,,lipton residence hall exterior
Mercer Street & Bleecker Street,Washington Square,Mercer Street & Bleecker Street,PAULSON_CENTER,yes,,mercer street bleecker street
Meyer Hall,Washington Square,Meyer Hall,MEYER_HALL,yes,,meyer hall
Othmer Hall,Brooklyn Commons,Othmer Hall,OTHMER_HALL,yes,,othmer hall
Othmer Hall - Exterior,Washington Square,Othmer Hall - Exterior,OTHMER_HALL,yes,,othmer hall exterior
Palladium Hall,Washington Square,Palladium Hall,PALLADIUM_RESIDENCE_HALL,yes,,palladium hall
Palladium Residence Hall,Washington Square,Palladium Residence Hall,PALLADIUM_RESIDENCE_HALL,yes,,palladium residence hall
Palladium Residence Hall - Exterior,Washington Square,Palladium Residence Hall - Exterior,PALLADIUM_RESIDENCE_HALL,yes,,palladium residence hall exterior
Palladium Resident Hall,Washington Square,Palladium Resident Hall,PALLADIUM_RESIDENCE_HALL,yes,,palladium resident hall
Paulson Center,Washington Square,Paulson Center,PAULSON_CENTER,yes,,paulson center
Paulson Center - Exterior,Washington Square,Paulson Center - Exterior,PAULSON_CENTER,yes,,paulson center exterior
Paulson Center Residence Hall,Washington Square,Paulson Center Residence Hall,PAULSON_CENTER,yes,,paulson center residence hall
Paulson Residence Hall,Washington Square,Paulson Residence Hall,PAULSON_CENTER,yes,,paulson residence hall
Pless Annex - Exterior,Washington Square,Pless Annex - Exterior,PLESS_HALL,yes,,pless annex exterior
Pless Hall,Washington Square,Pless Hall,PLESS_HALL,yes,,pless hall
Pless Hall - Exterior,Washington Square,Pless Hall - Exterior,PLESS_HALL,yes,,pless hall exterior
Rubin Hall,Washington Square,Rubin Hall,RUBIN_HALL,yes,,rubin hall
Rubin Hall - Exterior,Washington Square,Rubin Hall - Exterior,RUBIN_HALL,yes,,rubin hall exterior
Rubin Residence Hall,Washington Square,Rubin Residence Hall,RUBIN_HALL,yes,,rubin residence hall
Rubin Residence Hall - Exterior,Washington Square,Rubin Residence Hall - Exterior,RUBIN_HALL,yes,,rubin residence hall exterior
Rufus D. Smith Hall,Washington Square,Rufus D. Smith Hall,RUFUS_D_SMITH_HALL,yes,,rufus d smith hall
Schwartz Building,Kips Bay,Schwartz Building,NYU_LANGONE,yes,,schwartz building
Schwartz Hall,Kips Bay,Schwartz Hall,NYU_LANGONE,yes,,schwartz hall
Schwartz Hall - Exterior,Kips Bay,Schwartz Hall - Exterior,NYU_LANGONE,yes,,schwartz hall exterior
Schwartz Plaza,Washington Square,Schwartz Plaza,NYU_LANGONE,yes,,schwartz plaza
Schwartz Plaza & West 4th Street,Washington Square,Schwartz Plaza & West 4th Street,NYU_LANGONE,yes,,schwartz plaza west 4th street
Second Street Residence - Exterior,Washington Square,Second Street Residence - Exterior,SECOND_STREET_RESIDENCE_HALL,yes,,second street residence exterior
Second Street Residence Hall,Washington Square,Second Street Residence Hall,SECOND_STREET_RESIDENCE_HALL,yes,,second street residence hall
Seventh Street Residence Hall,Washington Square,Seventh Street Residence Hall,SEVENTH_STREET_RESIDENCE_HALL,yes,,seventh street residence hall
Shimkin Hall,Washington Square,Shimkin Hall,246_GREENE_STREET,yes,,shimkin hall
Silver Building,Washington Square,Silver Building,SILVER_CENTER,yes,,silver building
Silver Building - Exterior,Washington Square,Silver Building - Exterior,SILVER_CENTER,yes,,silver building exterior
Silver Center,Washington Square,Silver Center,SILVER_CENTER,yes,,silver center
Silver Center - Exterior,Washington Square,Silver Center - Exterior,SILVER_CENTER,yes,,silver center exterior
Silver Main,Washington Square,Silver Main,SILVER_CENTER,yes,,silver main
Sixth Street Residence Hall,Washington Square,Sixth Street Residence Hall,6_STREET_RESIDENCE_HALL,yes,,sixth street residence hall
Sixth Street Residence Hall - Exterior,Washington Square,Sixth Street Residence Hall - Exterior,6_STREET_RESIDENCE_HALL,yes,,sixth street residence hall exterior
Skirball Center,Washington Square,Skirball Center,LESLIE-KIMMEL-SKIRBALL-CENTER,yes,,skirball center
Skirball Theater,Washington Square,Skirball Theater,LESLIE-KIMMEL-SKIRBALL-CENTER,yes,,skirball theater
Steinhardt Education Building,Washington Square,Steinhardt Education Building,18_WASHINGTON_PL,yes,,steinhardt education building
Student Technology Center,Washington Square,Student Technology Center,WASHINGTON_SQUARE_VILLAGE,yes,,student technology center
Sullivan Street & Washington Square South,Washington Square,Sullivan Street & Washington Square South,WASHINGTON_SQUARE_PARK,yes,,sullivan street washington square south
Third Avenue North,Washington Square,Third Avenue North,3N_RESIDENCE_HALL,yes,,third avenue north
Third Avenue North - Exterior,Washington Square,Third Avenue North - Exterior,3N_RESIDENCE_HALL,yes,,third avenue north exterior
Third Avenue North Residence Hall,Washington Square,Third Avenue North Residence Hall,3N_RESIDENCE_HALL,yes,,third avenue north residence hall
Third North,Washington Square,Third North,3N_RESIDENCE_HALL,yes,,third north
Third North Hall,Washington Square,Third North Hall,3N_RESIDENCE_HALL,yes,,third north hall
Third North Residence,Washington Square,Third North Residence,3N_RESIDENCE_HALL,yes,,third north residence
Third North Residence - Exterior,Washington Square,Third North Residence - Exterior,3N_RESIDENCE_HALL,yes,,third north residence exterior
Third North Residence Hall,Washington Square,Third North Residence Hall,3N_RESIDENCE_HALL,yes,,third north residence hall
Third North Residence Hall - Exterior,Washington Square,Third North Residence Hall - Exterior,3N_RESIDENCE_HALL,yes,,third north residence hall exterior
Thompson Street & Washington Square South,Washington Square,Thompson Street & Washington Square South,WASHINGTON_SQUARE_PARK,yes,,thompson street washington square south
Tisch Hall,Washington Square,Tisch Hall,STERN_TISCH_HALL,yes,,tisch hall
University Hall,Washington Square,University Hall,UNIVERSITY_HALL,yes,,university hall
University Hall - Exterior,Washington Square,University Hall - Exterior,UNIVERSITY_HALL,yes,,university hall exterior
University Residence Hall,Washington Square,University Residence Hall,UNIVERSITY_HALL,yes,,university residence hall
University Residence Hall - Exterior,Washington Square,University Residence Hall - Exterior,UNIVERSITY_HALL,yes,,university residence hall exterior
Vanderbilt Hall,Washington Square,Vanderbilt Hall,VANDERBILT_HALL,yes,,vanderbilt hall
Vanderbilt Hall - Exterior,Washington Square,Vanderbilt Hall - Exterior,VANDERBILT_HALL,yes,,vanderbilt hall exterior
Wagner,Washington Square,Wagner,105_EAST_17TH_STREET,yes,,wagner
Wagner Building,Washington Square,Wagner Building,105_EAST_17TH_STREET,yes,,wagner building
Warren Weaver - Exterior,Washington Square,Warren Weaver - Exterior,WARREN_WEAVER_HALL,yes,,warren weaver exterior
Warren Weaver Hall,Washington Square,Warren Weaver Hall,WARREN_WEAVER_HALL,yes,,warren weaver hall
Warren Weaver Hall - Exterior,Washington Square,Warren Weaver Hall - Exterior,WARREN_WEAVER_HALL,yes,,warren weaver hall exterior
Washington Mews,Washington Square,Washington Mews,WASHINGTON_MEWS,yes,,washington mews
Washington Square East at Washington Place,Washington Square,Washington Square East at Washington Place,WASHINGTON_SQUARE_PARK,yes,,washington square east at washington place
Washington Square North at 5th Avenue,Washington Square,Washington Square North at 5th Avenue,WASHINGTON_SQUARE_PARK,yes,,washington square north at 5th avenue
Washington Square North at Waverly Place,Washington Square,Washington Square North at Waverly Place,WASHINGTON_SQUARE_PARK,yes,,washington square north at waverly place
Washington Square North & Fifth Avenue,Washington Square,Washington Square North & Fifth Avenue,WASHINGTON_SQUARE_PARK,yes,,washington square north fifth avenue
Washington Square North near 5th Avenue,Washington Square,Washington Square North near 5th Avenue,WASHINGTON_SQUARE_PARK,yes,,washington square north near 5th avenue
Washington Square Park,Washington Square,Washington Square Park,WASHINGTON_SQUARE_PARK,yes,,washington square park
"Washington Square Park, north entrance",Washington Square,"Washington Square Park, north entrance",WASHINGTON_SQUARE_PARK,yes,,washington square park north entrance
Washington Square Park South,Washington Square,Washington Square Park South,WASHINGTON_SQUARE_PARK,yes,,washington square park south
Washington Square South,Washington Square,Washington Square South,WASHINGTON_SQUARE_PARK,yes,,washington square south
Washington Square South and Thompson Street,Washington Square,Washington Square South and Thompson Street,WASHINGTON_SQUARE_PARK,yes,,washington square south and thompson street
Washington Square Village,Washington Square,Washington Square Village,WASHINGTON_SQUARE_VILLAGE,yes,,washington square village
Weinstein Hall,Washington Square,Weinstein Hall,WEINSTEIN_HALL,yes,,weinstein hall
Weinstein Hall - Exterior,Washington Square,Weinstein Hall - Exterior,WEINSTEIN_HALL,yes,,weinstein hall exterior
Weinstein Residence Hall,Washington Square,Weinstein Residence Hall,WEINSTEIN_HALL,yes,,weinstein residence hall
Weinstein Residence Hall - Exterior,Washington Square,Weinstein Residence Hall - Exterior,WEINSTEIN_HALL,yes,,weinstein residence hall exterior
Weissman Building,Kips Bay,Weissman Building,WSISSMAN_HALL,yes,,weissman building
Weissman Hall,Kips Bay,Weissman Hall,WSISSMAN_HALL,yes,,weissman hall
Weissman Hall - Exterior,Kips Bay & Langone (Public property only),Weissman Hall - Exterior,WSISSMAN_HALL,yes,,weissman hall exterior
Weissman Hall (exterior),Kips Bay & Langone (Public property only),Weissman Hall (exterior),WSISSMAN_HALL,yes,,weissman hall exterior
Zurich Hall,Washington Square,Zurich Hall,RUBIN_HALL,yes,,zurich hall
John A. Paulson Center,Washington Square,John A. Paulson Center,PAULSON_CENTER,yes,,john a paulson center
John A. Paulson Center (exterior),Washington Square,John A. Paulson Center,PAULSON_CENTER,yes,,john a paulson center exterior
University Hall (U Hall),Washington Square,University Hall,UNIVERSITY_HALL,yes,,university hall u hall
404 Lafayette St,Washington Square,404 Lafayette Street,404_LAFAYETTE_STREET,yes,,404 lafayette st
2 Washington Square Village,Washington Square,2 Washington Square Village,WASHINGTON_SQUARE_VILLAGE,yes,,2 washington square village
Grammercy Green Residence Hall,Washington Square,Gramercy Green Residence Hall,GRAMERCY_GREEN_RESIDENCE_HALL,yes,typo for Gramercy,grammercy green residence hall
Pallladium Residence Hall,Washington Square,Palladium Residence Hall,PALLADIUM_RESIDENCE_HALL,yes,triple-l typo,pallladium residence hall
Palladium Center,Washington Square,Palladium Residence Hall,PALLADIUM_RESIDENCE_HALL,yes,,palladium center
Palladium Hall - Exterior,Washington Square,Palladium Residence Hall,PALLADIUM_RESIDENCE_HALL,yes,,palladium hall exterior
Founders Hall -Exterior,Washington Square,Founders Residence Hall,FOUNDERS_RESIDENCE_HALL,yes,spacing typo,founders hall exterior
Van Hall- Exterior,Washington Square,Vanderbilt Hall,VANDERBILT_HALL,yes,abbrev for Vanderbilt Hall,van hall exterior
Vanderbilt Hall (exterior),Washington Square,Vanderbilt Hall,VANDERBILT_HALL,yes,,vanderbilt hall exterior
Weinstein Hall (exterior),Washington Square,Weinstein Hall,WEINSTEIN_HALL,yes,,weinstein hall exterior
Carlyle Court Hall,Washington Square,Carlyle Court Residence Hall,CARLYLE_COURT_RESIDENCE_HALL,yes,,carlyle court hall
6th Street Residence Hall,Washington Square,Sixth Street Residence Hall,6_STREET_RESIDENCE_HALL,yes,,6th street residence hall
Sixth Street Residence Hall -Exterior,Washington Square,Sixth Street Residence Hall,6_STREET_RESIDENCE_HALL,yes,spacing typo,sixth street residence hall exterior
Third North Avenue Residence Hall,Washington Square,Third North Residence Hall,3N_RESIDENCE_HALL,yes,,third north avenue residence hall
Third North Hall (exterior),Washington Square,Third North Hall,3N_RESIDENCE_HALL,yes,,third north hall exterior
Global Center for Academic and Spiritual Life,Washington Square,Global Center for Academic and Spiritual Life,LESLIE-KIMMEL-SKIRBALL-CENTER,yes,238 Thompson St,global center for academic and spiritual life
Kimmel Hall,Washington Square,Kimmel Center,LESLIE-KIMMEL-SKIRBALL-CENTER,yes,,kimmel hall
Kimmel Center - Exterior,Washington Square,Kimmel Center,LESLIE-KIMMEL-SKIRBALL-CENTER,yes,,kimmel center exterior
Kimmel Center (exterior),Washington Square,Kimmel Center,LESLIE-KIMMEL-SKIRBALL-CENTER,yes,,kimmel center exterior
Kimball Hall - Exterior,Washington Square,Kimmel Center,LESLIE-KIMMEL-SKIRBALL-CENTER,yes,typo for Kimmel Hall,kimball hall exterior
LaGuardia Place & West 3rd Street,Washington Square,Skirball Center Area,LESLIE-KIMMEL-SKIRBALL-CENTER,yes,,laguardia place west 3rd street
West 3rd Street and LaGuardia Place,Washington Square,Skirball Center Area,LESLIE-KIMMEL-SKIRBALL-CENTER,yes,,west 3rd street and laguardia place
West 3rd Street & LaGuardia Place,Washington Square,Skirball Center Area,LESLIE-KIMMEL-SKIRBALL-CENTER,yes,,west 3rd street laguardia place
West 3rd Street and LaGuardia Pl,Washington Square,Skirball Center Area,LESLIE-KIMMEL-SKIRBALL-CENTER,yes,,west 3rd street and laguardia pl
West 3rd Street and Thompson Street,Washington Square,Skirball Center Area,LESLIE-KIMMEL-SKIRBALL-CENTER,yes,,west 3rd street and thompson street
Kevorkian Center - Exterior,Washington Square,Kevorkian Center,BOBST_LIBRARY,yes,50 Washington Sq S,kevorkian center exterior
Kervorkian Center,Washington Square,Kevorkian Center,BOBST_LIBRARY,yes,typo for Kevorkian,kervorkian center
King Juan Carlos I of Spain Center,Washington Square,King Juan Carlos Center,KING_JUAN_CARLOS,yes,,king juan carlos i of spain center
King Juan Carlos I of Spain Center (exterior),Washington Square,King Juan Carlos Center,KING_JUAN_CARLOS,yes,,king juan carlos i of spain center exterior
Meyer Hall - Exterior,Washington Square,Meyer Hall,MEYER_HALL,yes,,meyer hall exterior
Meyer Hall (exterior),Washington Square,Meyer Hall,MEYER_HALL,yes,,meyer hall exterior
Furman Hall (exterior),Washington Square,Furman Hall,FURMAN_HALL,yes,,furman hall exterior
Warren Weaver Hall (exterior),Washington Square,Warren Weaver Hall,WARREN_WEAVER_HALL,yes,,warren weaver hall exterior
Pless Building,Washington Square,Pless Hall,PLESS_HALL,yes,,pless building
Mercer Street and Bleecker Street,Washington Square,Paulson Center Area,PAULSON_CENTER,yes,,mercer street and bleecker street
Mercer Street (Between Bleecker Street & W 3rd Street),Washington Square,Paulson Center Area,PAULSON_CENTER,yes,,mercer street between bleecker street w 3rd street
Mercer Street and Washington Place,Washington Square,7 Washington Place Area,7_WASHINGTON_PLACE,yes,,mercer street and washington place
West 3rd Steet at McDougal Street,Washington Square,Silver Center Area,SILVER_CENTER,yes,typo: Steet,west 3rd steet at mcdougal street
West 3rd & Mercer Street,Washington Square,Silver Center Area,SILVER_CENTER,yes,,west 3rd mercer street
West 3rd Street Between Mercer and Broadway,Washington Square,Silver Center Area,SILVER_CENTER,yes,,west 3rd street between mercer and broadway
University Place and East 8th Street,Washington Square,Silver Center Area,SILVER_CENTER,yes,,university place and east 8th street
University Place between E 9th Street and E 8th Street,Washington Square,Silver Center Area,SILVER_CENTER,yes,,university place between e 9th street and e 8th street
Starbucks - 45 West 4th Street,Washington Square,Stern/Tisch Hall,STERN_TISCH_HALL,yes,,starbucks 45 west 4th street
Tisch Bike Rack,Washington Square,Stern/Tisch Hall,STERN_TISCH_HALL,yes,,tisch bike rack
West 4th at Mercer Street,Washington Square,Stern/Tisch Hall Area,STERN_TISCH_HALL,yes,,west 4th at mercer street
West 4th Street and Broadway,Washington Square,Stern/Tisch Hall Area,STERN_TISCH_HALL,yes,,west 4th street and broadway
25 West 4th Street,Washington Square,45 West 4th Street Area,45_WEST_4TH_STREET,yes,,25 west 4th street
19 West 4th Street,Washington Square,19 West 4th Street,19_WEST_4TH_STREET,yes,,19 west 4th street
113 2nd Avenue,Washington Square,111 2nd Avenue,111_2ND_AVENUE,yes,,113 2nd avenue
111 2nd Avenue - Exterior,Washington Square,111 2nd Avenue,111_2ND_AVENUE,yes,,111 2nd avenue exterior
655 Broadway,Washington Square,665 Broadway Area,665_BROADWAY,yes,,655 broadway
724 Broadway - Exterior,Washington Square,726 Broadway Area,726_BROADWAY,yes,,724 broadway exterior
708 Broadway (exterior),Washington Square,708 Broadway,708_BROADWAY_STREET,yes,,708 broadway exterior
Waverly Place and Broadway,Washington Square,721 Broadway Area,721_BROADWAY,yes,,waverly place and broadway
16 Washington Mews,Washington Square,Washington Mews,WASHINGTON_MEWS,yes,,16 washington mews
School of Social Work,Washington Square,Silver School of Social Work,721_BROADWAY,yes,1 Washington Sq North,school of social work
Frederick Lowe Theater / Education Building,Washington Square,Education Building,EDUCATION_BUILDING,yes,,frederick lowe theater education building
Wagner Graduate School,Washington Square,Wagner,105_EAST_17TH_STREET,yes,,wagner graduate school
College of Nursing,Kips Bay,NYU Rory Meyers College of Nursing,NYU_RORY_MEYERS_COLLEGE_OF_NURSING,yes,,college of nursing
Schwartz Hall (exterior),Kips Bay,Schwartz Hall,NYU_LANGONE,yes,,schwartz hall exterior
Basic Science Building (exterior),Kips Bay & Langone (Public property only),Basic Science Building,NYU_LANGONE,yes,,basic science building exterior
Law School Admissions,Washington Square,Vanderbilt Hall,VANDERBILT_HALL,yes,,law school admissions
SPS Midtown Center,Midtown Center,SPS,SPS,yes,,sps midtown center
Midtown Center,Midtown Center,SPS,SPS,yes,,midtown center
Midtown Center - Exterior,Midtown Center,SPS,SPS,yes,,midtown center exterior
Admissions Office/Global Programs (exterior),Washington Square,383 Lafayette Street,383_LAFAYETTE_STREET,yes,,admissions office global programs exterior
Othmer Residence Hall,Brooklyn Commons,Othmer Residence Hall,OTHMER_HALL,yes,,othmer residence hall
Othmer Residence Hall,Washington Square,Othmer Residence Hall,OTHMER_HALL,yes,likely area mismatch,othmer residence hall ws
Greenwich Residence Hall,Washington Square,Greenwich Residence Hall,GREENWICH_RESIDENCE_HALL,yes,81 W 3rd St,greenwich residence hall
Greenwich Hall,Washington Square,Greenwich Residence Hall,GREENWICH_RESIDENCE_HALL,yes,,greenwich hall
Other,Washington Square,Other,OTHER,no,,other
American Ballet Theatre,Washington Square,American Ballet Theatre,AMERICAN_BALLET_THEATRE,no,not NYU property,american ballet theatre
Institute for the Study of the Ancient World,Upper East Side,ISAW,ISAW,no,"84th St, not in model",institute for the study of the ancient world
Lillian Vernon Creative Writers House - Exterior,Washington Square,Lillian Vernon Creative Writers House,LILLIAN_VERNON,no,58 W 10th St,lillian vernon creative writers house exterior
Deutsches House (exterior),Washington Square,Deutsches House,DEUTSCHES_HOUSE,no,,deutsches house exterior
Catholic Center - Exterior,Washington Square,Catholic Center,CATHOLIC_CENTER,no,,catholic center exterior
Duke House,Upper East Side,Duke House,DUKE_HOUSE,no,not in model,duke house
25 W Houston Street - Exterior,Washington Square,25 W Houston Street,25_W_HOUSTON_STREET,no,off main campus,25 w houston street exterior
Genomics - Exterior,Washington Square,Genomics,GENOMICS,no,,genomics exterior
Paulette Goddard Hall,Washington Square,Paulette Goddard Hall,PAULETTE_GODDARD_HALL,no,cannot confirm in model,paulette goddard hall
40 East 7th Street - Exterior,Washington Square,40 East 7th Street,40_EAST_7TH_STREET,no,off main campus,40 east 7th street exterior
370 Jay Street,Brooklyn Commons,370 Jay Street,370_JAY_STREET,no,Tandon campus,370 jay street
370 Jay St,Brooklyn Commons,370 Jay Street,370_JAY_STREET,no,Tandon campus,370 jay st
370 Jay St (exterior),Brooklyn Commons,370 Jay Street,370_JAY_STREET,no,Tandon campus,370 jay st exterior
370 Jay Street - Exterior,Brooklyn Commons,370 Jay Street,370_JAY_STREET,no,Tandon campus,370 jay street exterior
370 Jay Street - Exterior,Washington Square,370 Jay Street,370_JAY_STREET,no,"Tandon, area mismatch",370 jay street exterior ws
Jacobs Hall,Brooklyn Commons,Jacobs Hall,JACOBS_HALL,no,Tandon campus,jacobs hall
Jacobs Hall (exterior),Brooklyn Commons,Jacobs Hall,JACOBS_HALL,no,Tandon campus,jacobs hall exterior
Jacobs Hall (exterior),Washington Square,Jacobs Hall,JACOBS_HALL,no,"Tandon, area mismatch",jacobs hall exterior ws
Jacobs Building,Brooklyn Commons,Jacobs Hall,JACOBS_HALL,no,Tandon campus,jacobs building
Rogers Hall,Brooklyn Commons,Rogers Hall,ROGERS_HALL,no,Tandon campus,rogers hall
Dibner Library,Brooklyn Commons,Dibner Library,DIBNER_LIBRARY,no,Tandon campus,dibner library
Clark Street Hall,Brooklyn Commons,Clark Street Hall,CLARK_STREET_HALL,no,Brooklyn Commons,clark street hall
Clark Street Residence Hall,Brooklyn Commons,Clark Street Hall,CLARK_STREET_HALL,no,Brooklyn Commons,clark street residence hall
6 Metrotech Center,Brooklyn Commons,6 MetroTech Center,6_METROTECH_CENTER,no,Tandon campus,6 metrotech center
6 MetroTech Center,Brooklyn Commons,6 MetroTech Center,6_METROTECH_CENTER,no,Tandon campus,6 metrotech center
6 Metrotech,Brooklyn Commons,6 MetroTech Center,6_METROTECH_CENTER,no,Tandon campus,6 metrotech
6 Metro Tech - Exterior,Brooklyn Commons,6 MetroTech Center,6_METROTECH_CENTER,no,Tandon campus,6 metro tech exterior
6 Metrotech - Exterior,Brooklyn Commons,6 MetroTech Center,6_METROTECH_CENTER,no,Tandon campus,6 metrotech exterior
2 Metrotech Center,Brooklyn Commons,2 MetroTech Center,2_METROTECH_CENTER,no,Tandon campus,2 metrotech center
2 MetroTech Center,Brooklyn Commons,2 MetroTech Center,2_METROTECH_CENTER,no,Tandon campus,2 metrotech center
2 Metro Tech,Brooklyn Commons,2 MetroTech Center,2_METROTECH_CENTER,no,Tandon campus,2 metro tech
5 Metrotech Center,Brooklyn Commons,5 MetroTech Center,5_METROTECH_CENTER,no,Tandon campus,5 metrotech center
1 MetroTech Center (exterior),Brooklyn Commons,1 MetroTech Center,1_METROTECH_CENTER,no,Tandon campus,1 metrotech center exterior
1 MetroTech Center,Brooklyn Commons,1 MetroTech Center,1_METROTECH_CENTER,no,Tandon campus,1 metrotech center
